"Data","Branch","Typ","state","url"
"2026-05-22 22:49","main","PRODUCTION","READY","harry-english-v2-7lzf4n72w-justynas-projects-be568828.vercel.app"
"2026-05-22 22:57","main","PRODUCTION","READY","harry-english-v2-pso6f3kyt-justynas-projects-be568828.vercel.app"
"2026-05-22 23:05","main","PRODUCTION","READY","harry-english-v2-d0mxiwz8m-justynas-projects-be568828.vercel.app"
"2026-05-22 23:08","main","PRODUCTION","READY","harry-english-v2-7jwhyo26d-justynas-projects-be568828.vercel.app"
"2026-06-01 22:59","main","PRODUCTION","READY","harry-english-v2-moctht4rm-justynas-projects-be568828.vercel.app"
"2026-06-01 23:09","main","PRODUCTION","READY","harry-english-v2-ozwnmjndq-justynas-projects-be568828.vercel.app"
"2026-06-08 23:52","main","PRODUCTION","READY","harry-english-v2-75ze6npih-justynas-projects-be568828.vercel.app"
"2026-06-27 08:56","main","PRODUCTION","READY","harry-english-v2-e09cg3nzg-justynas-projects-be568828.vercel.app"
"2026-06-27 09:09","main","PRODUCTION","READY","harry-english-v2-gmrdeljcv-justynas-projects-be568828.vercel.app"
"2026-07-05 20:19","main","PRODUCTION","READY","harry-english-v2-27jwk9yot-justynas-projects-be568828.vercel.app"
"2026-07-23 22:07","dev","PREVIEW","READY","harry-english-v2-mzrx7x8yc-justynas-projects-be568828.vercel.app"
"2026-07-23 23:00","main","PREVIEW","READY","harry-english-v2-hag91tc3e-justynas-projects-be568828.vercel.app"
"2026-07-23 23:00","main","PRODUCTION","READY","harry-english-v2-cvnh98nr3-justynas-projects-be568828.vercel.app"
"2026-07-25 23:20","dev","PREVIEW","READY","harry-english-v2-fjc0iuscs-justynas-projects-be568828.vercel.app"
"2026-07-25 23:23","main","PRODUCTION","READY","harry-english-v2-gn2ge8gfk-justynas-projects-be568828.vercel.app"
"2026-07-26 01:45","dev","PREVIEW","READY","harry-english-v2-j9tovlkpj-justynas-projects-be568828.vercel.app"
"2026-07-26 13:45","dev","PREVIEW","READY","harry-english-v2-kpppgabxp-justynas-projects-be568828.vercel.app"
"2026-08-13 22:15","dev","PREVIEW","READY","harry-english-v2-hsl7ng22f-justynas-projects-be568828.vercel.app"
"2026-08-13 22:15","main","PRODUCTION","READY","harry-english-v2-bn9fy1t36-justynas-projects-be568828.vercel.app"
"2026-08-13 22:24","dev","PREVIEW","READY","harry-english-v2-dxppxaas3-justynas-projects-be568828.vercel.app"
"2026-08-13 22:25","main","PRODUCTION","READY","harry-english-v2-jlsxjqkht-justynas-projects-be568828.vercel.app"
"2026-08-13 22:41","dev","PREVIEW","READY","harry-english-v2-2p8pcqah9-justynas-projects-be568828.vercel.app"
"2026-08-13 22:41","main","PRODUCTION","READY","harry-english-v2-ozu291id4-justynas-projects-be568828.vercel.app"
"2026-08-14 13:57","dev","PREVIEW","READY","harry-english-v2-5xlevsff2-justynas-projects-be568828.vercel.app"
"2026-08-14 13:58","main","PRODUCTION","READY","harry-english-v2-4yqaqjgar-justynas-projects-be568828.vercel.app"
"2026-08-14 17:27","dev","PREVIEW","READY","harry-english-v2-d5yrbfwkw-justynas-projects-be568828.vercel.app"
"2026-08-14 17:28","main","PRODUCTION","READY","harry-english-v2-jvc6djrzw-justynas-projects-be568828.vercel.app"
"2026-08-15 14:53","dev","PREVIEW","READY","harry-english-v2-1h0f9774f-justynas-projects-be568828.vercel.app"
"2026-08-15 14:53","main","PRODUCTION","READY","harry-english-v2-7m7juueii-justynas-projects-be568828.vercel.app"
"2026-08-24 12:15","dev","PREVIEW","READY","harry-english-v2-hi4v6kz9x-justynas-projects-be568828.vercel.app"
"2026-08-24 13:12","main","PRODUCTION","READY","harry-english-v2-noho1jape-justynas-projects-be568828.vercel.app"
"2026-08-24 23:15","main","PRODUCTION","READY","harry-english-v2-itml9mi50-justynas-projects-be568828.vercel.app"
"2026-08-24 23:20","dev","PREVIEW","READY","harry-english-v2-js8tgrr9s-justynas-projects-be568828.vercel.app"
"2026-08-29 10:18","dev","PREVIEW","READY","harry-english-v2-dmg3mw1zi-justynas-projects-be568828.vercel.app"
"2026-08-29 10:18","main","PRODUCTION","READY","harry-english-v2-rc4lp7ehl-justynas-projects-be568828.vercel.app"
"2026-08-29 10:36","dev","PREVIEW","ERROR","harry-english-v2-mvo7nz679-justynas-projects-be568828.vercel.app"
"2026-08-29 10:36","main","PRODUCTION","ERROR","harry-english-v2-2bzudzf4c-justynas-projects-be568828.vercel.app"
"2026-08-29 10:48","dev","PREVIEW","READY","harry-english-v2-7d3kj7rze-justynas-projects-be568828.vercel.app"
